{
    "Health": 0.4,
    "Attack": 1.6666666666666667,
    "Defense": 3.3333333333333335,
    "Tech": 0.6666666666666666,
    "Speed": 0.6666666666666666,
    "CritChance": 111.1111111111111,
    "CritDamage": 25.000000000000007,
    "GlancingChance": 71.42857142857143,
    "GlancingDamage": 40.0,
    "Resolve": 111.11111111111111
}